STRUCTURE,STRUCTURE_ID,STRUCTURE_NAME,freq,Time frequency,unit,Unit of measure,coicop18,Classification of individual consumption by purpose (COICOP) - 2018,release,Release,geo,Geopolitical entity (reporting),TIME_PERIOD,Time,OBS_VALUE,Observation value,OBS_FLAG,Observation status (Flag) V2 structure,CONF_STATUS,Confidentiality status (flag)
dataflow,ESTAT:PRC_HICP_FPD(1.0),Harmonised index of consumer prices (HICP) - ECOICOP ver.2 - first released data,M,Monthly,I25,"Index, 2025=100",TOTAL,Total,FIN,Final,EA21,Euro area – 21 countries (from 2026),2014-01,,76.72,,,,,
dataflow,ESTAT:PRC_HICP_FPD(1.0),Harmonised index of consumer prices (HICP) - ECOICOP ver.2 - first released data,M,Monthly,I25,"Index, 2025=100",TOTAL,Total,FIN,Final,EA21,Euro area – 21 countries (from 2026),2014-02,,76.95,,,,,
dataflow,ESTAT:PRC_HICP_FPD(1.0),Harmonised index of consumer prices (HICP) - ECOICOP ver.2 - first released data,M,Monthly,I25,"Index, 2025=100",TOTAL,Total,FIN,Final,EA21,Euro area – 21 countries (from 2026),2014-03,,77.66,,,,,
dataflow,ESTAT:PRC_HICP_FPD(1.0),Harmonised index of consumer prices (HICP) - ECOICOP ver.2 - first released data,M,Monthly,I25,"Index, 2025=100",TOTAL,Total,FIN,Final,EA21,Euro area – 21 countries (from 2026),2014-04,,77.78,,,,,
dataflow,ESTAT:PRC_HICP_FPD(1.0),Harmonised index of consumer prices (HICP) - ECOICOP ver.2 - first released data,M,Monthly,I25,"Index, 2025=100",TOTAL,Total,FIN,Final,EA21,Euro area – 21 countries (from 2026),2014-05,,77.70,,,,,
dataflow,ESTAT:PRC_HICP_FPD(1.0),Harmonised index of consumer prices (HICP) - ECOICOP ver.2 - first released data,M,Monthly,I25,"Index, 2025=100",TOTAL,Total,FIN,Final,EA21,Euro area – 21 countries (from 2026),2014-06,,77.78,,,,,
dataflow,ESTAT:PRC_HICP_FPD(1.0),Harmonised index of consumer prices (HICP) - ECOICOP ver.2 - first released data,M,Monthly,I25,"Index, 2025=100",TOTAL,Total,FIN,Final,EA21,Euro area – 21 countries (from 2026),2014-07,,77.28,,,,,
dataflow,ESTAT:PRC_HICP_FPD(1.0),Harmonised index of consumer prices (HICP) - ECOICOP ver.2 - first released data,M,Monthly,I25,"Index, 2025=100",TOTAL,Total,FIN,Final,EA21,Euro area – 21 countries (from 2026),2014-08,,77.37,,,,,
dataflow,ESTAT:PRC_HICP_FPD(1.0),Harmonised index of consumer prices (HICP) - ECOICOP ver.2 - first released data,M,Monthly,I25,"Index, 2025=100",TOTAL,Total,FIN,Final,EA21,Euro area – 21 countries (from 2026),2014-09,,77.71,,,,,
dataflow,ESTAT:PRC_HICP_FPD(1.0),Harmonised index of consumer prices (HICP) - ECOICOP ver.2 - first released data,M,Monthly,I25,"Index, 2025=100",TOTAL,Total,FIN,Final,EA21,Euro area – 21 countries (from 2026),2014-10,,77.66,,,,,
dataflow,ESTAT:PRC_HICP_FPD(1.0),Harmonised index of consumer prices (HICP) - ECOICOP ver.2 - first released data,M,Monthly,I25,"Index, 2025=100",TOTAL,Total,FIN,Final,EA21,Euro area – 21 countries (from 2026),2014-11,,77.51,,,,,
dataflow,ESTAT:PRC_HICP_FPD(1.0),Harmonised index of consumer prices (HICP) - ECOICOP ver.2 - first released data,M,Monthly,I25,"Index, 2025=100",TOTAL,Total,FIN,Final,EA21,Euro area – 21 countries (from 2026),2014-12,,77.44,,,,,
dataflow,ESTAT:PRC_HICP_FPD(1.0),Harmonised index of consumer prices (HICP) - ECOICOP ver.2 - first released data,M,Monthly,I25,"Index, 2025=100",TOTAL,Total,FIN,Final,EA21,Euro area – 21 countries (from 2026),2015-01,,76.25,,,,,
dataflow,ESTAT:PRC_HICP_FPD(1.0),Harmonised index of consumer prices (HICP) - ECOICOP ver.2 - first released data,M,Monthly,I25,"Index, 2025=100",TOTAL,Total,FIN,Final,EA21,Euro area – 21 countries (from 2026),2015-02,,76.72,,,,,
dataflow,ESTAT:PRC_HICP_FPD(1.0),Harmonised index of consumer prices (HICP) - ECOICOP ver.2 - first released data,M,Monthly,I25,"Index, 2025=100",TOTAL,Total,FIN,Final,EA21,Euro area – 21 countries (from 2026),2015-03,,77.61,,,,,
dataflow,ESTAT:PRC_HICP_FPD(1.0),Harmonised index of consumer prices (HICP) - ECOICOP ver.2 - first released data,M,Monthly,I25,"Index, 2025=100",TOTAL,Total,FIN,Final,EA21,Euro area – 21 countries (from 2026),2015-04,,77.94,,,,,
dataflow,ESTAT:PRC_HICP_FPD(1.0),Harmonised index of consumer prices (HICP) - ECOICOP ver.2 - first released data,M,Monthly,I25,"Index, 2025=100",TOTAL,Total,FIN,Final,EA21,Euro area – 21 countries (from 2026),2015-05,,78.16,,,,,
dataflow,ESTAT:PRC_HICP_FPD(1.0),Harmonised index of consumer prices (HICP) - ECOICOP ver.2 - first released data,M,Monthly,I25,"Index, 2025=100",TOTAL,Total,FIN,Final,EA21,Euro area – 21 countries (from 2026),2015-06,,78.17,,,,,
dataflow,ESTAT:PRC_HICP_FPD(1.0),Harmonised index of consumer prices (HICP) - ECOICOP ver.2 - first released data,M,Monthly,I25,"Index, 2025=100",TOTAL,Total,FIN,Final,EA21,Euro area – 21 countries (from 2026),2015-07,,77.70,,,,,
dataflow,ESTAT:PRC_HICP_FPD(1.0),Harmonised index of consumer prices (HICP) - ECOICOP ver.2 - first released data,M,Monthly,I25,"Index, 2025=100",TOTAL,Total,FIN,Final,EA21,Euro area – 21 countries (from 2026),2015-08,,77.70,,,,,
dataflow,ESTAT:PRC_HICP_FPD(1.0),Harmonised index of consumer prices (HICP) - ECOICOP ver.2 - first released data,M,Monthly,I25,"Index, 2025=100",TOTAL,Total,FIN,Final,EA21,Euro area – 21 countries (from 2026),2015-09,,77.86,,,,,
dataflow,ESTAT:PRC_HICP_FPD(1.0),Harmonised index of consumer prices (HICP) - ECOICOP ver.2 - first released data,M,Monthly,I25,"Index, 2025=100",TOTAL,Total,FIN,Final,EA21,Euro area – 21 countries (from 2026),2015-10,,77.95,,,,,
dataflow,ESTAT:PRC_HICP_FPD(1.0),Harmonised index of consumer prices (HICP) - ECOICOP ver.2 - first released data,M,Monthly,I25,"Index, 2025=100",TOTAL,Total,FIN,Final,EA21,Euro area – 21 countries (from 2026),2015-11,,77.61,,,,,
dataflow,ESTAT:PRC_HICP_FPD(1.0),Harmonised index of consumer prices (HICP) - ECOICOP ver.2 - first released data,M,Monthly,I25,"Index, 2025=100",TOTAL,Total,FIN,Final,EA21,Euro area – 21 countries (from 2026),2015-12,,77.62,,,,,
dataflow,ESTAT:PRC_HICP_FPD(1.0),Harmonised index of consumer prices (HICP) - ECOICOP ver.2 - first released data,M,Monthly,I25,"Index, 2025=100",TOTAL,Total,FIN,Final,EA21,Euro area – 21 countries (from 2026),2016-01,,76.49,,,,,
dataflow,ESTAT:PRC_HICP_FPD(1.0),Harmonised index of consumer prices (HICP) - ECOICOP ver.2 - first released data,M,Monthly,I25,"Index, 2025=100",TOTAL,Total,FIN,Final,EA21,Euro area – 21 countries (from 2026),2016-02,,76.61,,,,,
dataflow,ESTAT:PRC_HICP_FPD(1.0),Harmonised index of consumer prices (HICP) - ECOICOP ver.2 - first released data,M,Monthly,I25,"Index, 2025=100",TOTAL,Total,FIN,Final,EA21,Euro area – 21 countries (from 2026),2016-03,,77.56,,,,,
dataflow,ESTAT:PRC_HICP_FPD(1.0),Harmonised index of consumer prices (HICP) - ECOICOP ver.2 - first released data,M,Monthly,I25,"Index, 2025=100",TOTAL,Total,FIN,Final,EA21,Euro area – 21 countries (from 2026),2016-04,,77.73,,,,,
dataflow,ESTAT:PRC_HICP_FPD(1.0),Harmonised index of consumer prices (HICP) - ECOICOP ver.2 - first released data,M,Monthly,I25,"Index, 2025=100",TOTAL,Total,FIN,Final,EA21,Euro area – 21 countries (from 2026),2016-05,,78.05,,,,,
dataflow,ESTAT:PRC_HICP_FPD(1.0),Harmonised index of consumer prices (HICP) - ECOICOP ver.2 - first released data,M,Monthly,I25,"Index, 2025=100",TOTAL,Total,FIN,Final,EA21,Euro area – 21 countries (from 2026),2016-06,,78.19,,,,,
dataflow,ESTAT:PRC_HICP_FPD(1.0),Harmonised index of consumer prices (HICP) - ECOICOP ver.2 - first released data,M,Monthly,I25,"Index, 2025=100",TOTAL,Total,FIN,Final,EA21,Euro area – 21 countries (from 2026),2016-07,,77.81,,,,,
dataflow,ESTAT:PRC_HICP_FPD(1.0),Harmonised index of consumer prices (HICP) - ECOICOP ver.2 - first released data,M,Monthly,I25,"Index, 2025=100",TOTAL,Total,FIN,Final,EA21,Euro area – 21 countries (from 2026),2016-08,,77.86,,,,,
dataflow,ESTAT:PRC_HICP_FPD(1.0),Harmonised index of consumer prices (HICP) - ECOICOP ver.2 - first released data,M,Monthly,I25,"Index, 2025=100",TOTAL,Total,FIN,Final,EA21,Euro area – 21 countries (from 2026),2016-09,,78.15,,,,,
dataflow,ESTAT:PRC_HICP_FPD(1.0),Harmonised index of consumer prices (HICP) - ECOICOP ver.2 - first released data,M,Monthly,I25,"Index, 2025=100",TOTAL,Total,FIN,Final,EA21,Euro area – 21 countries (from 2026),2016-10,,78.33,,,,,
dataflow,ESTAT:PRC_HICP_FPD(1.0),Harmonised index of consumer prices (HICP) - ECOICOP ver.2 - first released data,M,Monthly,I25,"Index, 2025=100",TOTAL,Total,FIN,Final,EA21,Euro area – 21 countries (from 2026),2016-11,,78.06,,,,,
dataflow,ESTAT:PRC_HICP_FPD(1.0),Harmonised index of consumer prices (HICP) - ECOICOP ver.2 - first released data,M,Monthly,I25,"Index, 2025=100",TOTAL,Total,FIN,Final,EA21,Euro area – 21 countries (from 2026),2016-12,,78.47,,,,,
dataflow,ESTAT:PRC_HICP_FPD(1.0),Harmonised index of consumer prices (HICP) - ECOICOP ver.2 - first released data,M,Monthly,I25,"Index, 2025=100",TOTAL,Total,FIN,Final,EA21,Euro area – 21 countries (from 2026),2017-01,,77.80,,,,,
dataflow,ESTAT:PRC_HICP_FPD(1.0),Harmonised index of consumer prices (HICP) - ECOICOP ver.2 - first released data,M,Monthly,I25,"Index, 2025=100",TOTAL,Total,FIN,Final,EA21,Euro area – 21 countries (from 2026),2017-02,,78.11,,,,,
dataflow,ESTAT:PRC_HICP_FPD(1.0),Harmonised index of consumer prices (HICP) - ECOICOP ver.2 - first released data,M,Monthly,I25,"Index, 2025=100",TOTAL,Total,FIN,Final,EA21,Euro area – 21 countries (from 2026),2017-03,,78.75,,,,,
dataflow,ESTAT:PRC_HICP_FPD(1.0),Harmonised index of consumer prices (HICP) - ECOICOP ver.2 - first released data,M,Monthly,I25,"Index, 2025=100",TOTAL,Total,FIN,Final,EA21,Euro area – 21 countries (from 2026),2017-04,,79.19,,,,,
dataflow,ESTAT:PRC_HICP_FPD(1.0),Harmonised index of consumer prices (HICP) - ECOICOP ver.2 - first released data,M,Monthly,I25,"Index, 2025=100",TOTAL,Total,FIN,Final,EA21,Euro area – 21 countries (from 2026),2017-05,,79.13,,,,,
dataflow,ESTAT:PRC_HICP_FPD(1.0),Harmonised index of consumer prices (HICP) - ECOICOP ver.2 - first released data,M,Monthly,I25,"Index, 2025=100",TOTAL,Total,FIN,Final,EA21,Euro area – 21 countries (from 2026),2017-06,,79.20,,,,,
dataflow,ESTAT:PRC_HICP_FPD(1.0),Harmonised index of consumer prices (HICP) - ECOICOP ver.2 - first released data,M,Monthly,I25,"Index, 2025=100",TOTAL,Total,FIN,Final,EA21,Euro area – 21 countries (from 2026),2017-07,,78.85,,,,,
dataflow,ESTAT:PRC_HICP_FPD(1.0),Harmonised index of consumer prices (HICP) - ECOICOP ver.2 - first released data,M,Monthly,I25,"Index, 2025=100",TOTAL,Total,FIN,Final,EA21,Euro area – 21 countries (from 2026),2017-08,,79.06,,,,,
dataflow,ESTAT:PRC_HICP_FPD(1.0),Harmonised index of consumer prices (HICP) - ECOICOP ver.2 - first released data,M,Monthly,I25,"Index, 2025=100",TOTAL,Total,FIN,Final,EA21,Euro area – 21 countries (from 2026),2017-09,,79.37,,,,,
dataflow,ESTAT:PRC_HICP_FPD(1.0),Harmonised index of consumer prices (HICP) - ECOICOP ver.2 - first released data,M,Monthly,I25,"Index, 2025=100",TOTAL,Total,FIN,Final,EA21,Euro area – 21 countries (from 2026),2017-10,,79.41,,,,,
dataflow,ESTAT:PRC_HICP_FPD(1.0),Harmonised index of consumer prices (HICP) - ECOICOP ver.2 - first released data,M,Monthly,I25,"Index, 2025=100",TOTAL,Total,FIN,Final,EA21,Euro area – 21 countries (from 2026),2017-11,,79.25,,,,,
dataflow,ESTAT:PRC_HICP_FPD(1.0),Harmonised index of consumer prices (HICP) - ECOICOP ver.2 - first released data,M,Monthly,I25,"Index, 2025=100",TOTAL,Total,FIN,Final,EA21,Euro area – 21 countries (from 2026),2017-12,,79.52,,,,,
dataflow,ESTAT:PRC_HICP_FPD(1.0),Harmonised index of consumer prices (HICP) - ECOICOP ver.2 - first released data,M,Monthly,I25,"Index, 2025=100",TOTAL,Total,FIN,Final,EA21,Euro area – 21 countries (from 2026),2018-01,,78.81,,,,,
dataflow,ESTAT:PRC_HICP_FPD(1.0),Harmonised index of consumer prices (HICP) - ECOICOP ver.2 - first released data,M,Monthly,I25,"Index, 2025=100",TOTAL,Total,FIN,Final,EA21,Euro area – 21 countries (from 2026),2018-02,,78.98,,,,,
dataflow,ESTAT:PRC_HICP_FPD(1.0),Harmonised index of consumer prices (HICP) - ECOICOP ver.2 - first released data,M,Monthly,I25,"Index, 2025=100",TOTAL,Total,FIN,Final,EA21,Euro area – 21 countries (from 2026),2018-03,,79.85,,,,,
dataflow,ESTAT:PRC_HICP_FPD(1.0),Harmonised index of consumer prices (HICP) - ECOICOP ver.2 - first released data,M,Monthly,I25,"Index, 2025=100",TOTAL,Total,FIN,Final,EA21,Euro area – 21 countries (from 2026),2018-04,,80.17,,,,,
dataflow,ESTAT:PRC_HICP_FPD(1.0),Harmonised index of consumer prices (HICP) - ECOICOP ver.2 - first released data,M,Monthly,I25,"Index, 2025=100",TOTAL,Total,FIN,Final,EA21,Euro area – 21 countries (from 2026),2018-05,,80.67,,,,,
dataflow,ESTAT:PRC_HICP_FPD(1.0),Harmonised index of consumer prices (HICP) - ECOICOP ver.2 - first released data,M,Monthly,I25,"Index, 2025=100",TOTAL,Total,FIN,Final,EA21,Euro area – 21 countries (from 2026),2018-06,,80.77,,,,,
dataflow,ESTAT:PRC_HICP_FPD(1.0),Harmonised index of consumer prices (HICP) - ECOICOP ver.2 - first released data,M,Monthly,I25,"Index, 2025=100",TOTAL,Total,FIN,Final,EA21,Euro area – 21 countries (from 2026),2018-07,,80.59,,,,,
dataflow,ESTAT:PRC_HICP_FPD(1.0),Harmonised index of consumer prices (HICP) - ECOICOP ver.2 - first released data,M,Monthly,I25,"Index, 2025=100",TOTAL,Total,FIN,Final,EA21,Euro area – 21 countries (from 2026),2018-08,,80.71,,,,,
dataflow,ESTAT:PRC_HICP_FPD(1.0),Harmonised index of consumer prices (HICP) - ECOICOP ver.2 - first released data,M,Monthly,I25,"Index, 2025=100",TOTAL,Total,FIN,Final,EA21,Euro area – 21 countries (from 2026),2018-09,,81.03,,,,,
dataflow,ESTAT:PRC_HICP_FPD(1.0),Harmonised index of consumer prices (HICP) - ECOICOP ver.2 - first released data,M,Monthly,I25,"Index, 2025=100",TOTAL,Total,FIN,Final,EA21,Euro area – 21 countries (from 2026),2018-10,,81.22,,,,,
dataflow,ESTAT:PRC_HICP_FPD(1.0),Harmonised index of consumer prices (HICP) - ECOICOP ver.2 - first released data,M,Monthly,I25,"Index, 2025=100",TOTAL,Total,FIN,Final,EA21,Euro area – 21 countries (from 2026),2018-11,,80.78,,,,,
dataflow,ESTAT:PRC_HICP_FPD(1.0),Harmonised index of consumer prices (HICP) - ECOICOP ver.2 - first released data,M,Monthly,I25,"Index, 2025=100",TOTAL,Total,FIN,Final,EA21,Euro area – 21 countries (from 2026),2018-12,,80.74,,,,,
dataflow,ESTAT:PRC_HICP_FPD(1.0),Harmonised index of consumer prices (HICP) - ECOICOP ver.2 - first released data,M,Monthly,I25,"Index, 2025=100",TOTAL,Total,FIN,Final,EA21,Euro area – 21 countries (from 2026),2019-01,,79.91,,,,,
dataflow,ESTAT:PRC_HICP_FPD(1.0),Harmonised index of consumer prices (HICP) - ECOICOP ver.2 - first released data,M,Monthly,I25,"Index, 2025=100",TOTAL,Total,FIN,Final,EA21,Euro area – 21 countries (from 2026),2019-02,,80.16,,,,,
dataflow,ESTAT:PRC_HICP_FPD(1.0),Harmonised index of consumer prices (HICP) - ECOICOP ver.2 - first released data,M,Monthly,I25,"Index, 2025=100",TOTAL,Total,FIN,Final,EA21,Euro area – 21 countries (from 2026),2019-03,,80.97,,,,,
dataflow,ESTAT:PRC_HICP_FPD(1.0),Harmonised index of consumer prices (HICP) - ECOICOP ver.2 - first released data,M,Monthly,I25,"Index, 2025=100",TOTAL,Total,FIN,Final,EA21,Euro area – 21 countries (from 2026),2019-04,,81.55,,,,,
dataflow,ESTAT:PRC_HICP_FPD(1.0),Harmonised index of consumer prices (HICP) - ECOICOP ver.2 - first released data,M,Monthly,I25,"Index, 2025=100",TOTAL,Total,FIN,Final,EA21,Euro area – 21 countries (from 2026),2019-05,,81.66,,,,,
dataflow,ESTAT:PRC_HICP_FPD(1.0),Harmonised index of consumer prices (HICP) - ECOICOP ver.2 - first released data,M,Monthly,I25,"Index, 2025=100",TOTAL,Total,FIN,Final,EA21,Euro area – 21 countries (from 2026),2019-06,,81.79,,,,,
dataflow,ESTAT:PRC_HICP_FPD(1.0),Harmonised index of consumer prices (HICP) - ECOICOP ver.2 - first released data,M,Monthly,I25,"Index, 2025=100",TOTAL,Total,FIN,Final,EA21,Euro area – 21 countries (from 2026),2019-07,,81.42,,,,,
dataflow,ESTAT:PRC_HICP_FPD(1.0),Harmonised index of consumer prices (HICP) - ECOICOP ver.2 - first released data,M,Monthly,I25,"Index, 2025=100",TOTAL,Total,FIN,Final,EA21,Euro area – 21 countries (from 2026),2019-08,,81.53,,,,,
dataflow,ESTAT:PRC_HICP_FPD(1.0),Harmonised index of consumer prices (HICP) - ECOICOP ver.2 - first released data,M,Monthly,I25,"Index, 2025=100",TOTAL,Total,FIN,Final,EA21,Euro area – 21 countries (from 2026),2019-09,,81.70,,,,,
dataflow,ESTAT:PRC_HICP_FPD(1.0),Harmonised index of consumer prices (HICP) - ECOICOP ver.2 - first released data,M,Monthly,I25,"Index, 2025=100",TOTAL,Total,FIN,Final,EA21,Euro area – 21 countries (from 2026),2019-10,,81.82,,,,,
dataflow,ESTAT:PRC_HICP_FPD(1.0),Harmonised index of consumer prices (HICP) - ECOICOP ver.2 - first released data,M,Monthly,I25,"Index, 2025=100",TOTAL,Total,FIN,Final,EA21,Euro area – 21 countries (from 2026),2019-11,,81.56,,,,,
dataflow,ESTAT:PRC_HICP_FPD(1.0),Harmonised index of consumer prices (HICP) - ECOICOP ver.2 - first released data,M,Monthly,I25,"Index, 2025=100",TOTAL,Total,FIN,Final,EA21,Euro area – 21 countries (from 2026),2019-12,,81.82,,,,,
dataflow,ESTAT:PRC_HICP_FPD(1.0),Harmonised index of consumer prices (HICP) - ECOICOP ver.2 - first released data,M,Monthly,I25,"Index, 2025=100",TOTAL,Total,FIN,Final,EA21,Euro area – 21 countries (from 2026),2020-01,,81.01,,,,,
dataflow,ESTAT:PRC_HICP_FPD(1.0),Harmonised index of consumer prices (HICP) - ECOICOP ver.2 - first released data,M,Monthly,I25,"Index, 2025=100",TOTAL,Total,FIN,Final,EA21,Euro area – 21 countries (from 2026),2020-02,,81.15,,,,,
dataflow,ESTAT:PRC_HICP_FPD(1.0),Harmonised index of consumer prices (HICP) - ECOICOP ver.2 - first released data,M,Monthly,I25,"Index, 2025=100",TOTAL,Total,FIN,Final,EA21,Euro area – 21 countries (from 2026),2020-03,,81.58,,,,,
dataflow,ESTAT:PRC_HICP_FPD(1.0),Harmonised index of consumer prices (HICP) - ECOICOP ver.2 - first released data,M,Monthly,I25,"Index, 2025=100",TOTAL,Total,FIN,Final,EA21,Euro area – 21 countries (from 2026),2020-04,,81.81,,,,,
dataflow,ESTAT:PRC_HICP_FPD(1.0),Harmonised index of consumer prices (HICP) - ECOICOP ver.2 - first released data,M,Monthly,I25,"Index, 2025=100",TOTAL,Total,FIN,Final,EA21,Euro area – 21 countries (from 2026),2020-05,,81.73,,,,,
dataflow,ESTAT:PRC_HICP_FPD(1.0),Harmonised index of consumer prices (HICP) - ECOICOP ver.2 - first released data,M,Monthly,I25,"Index, 2025=100",TOTAL,Total,FIN,Final,EA21,Euro area – 21 countries (from 2026),2020-06,,82.01,,,,,
dataflow,ESTAT:PRC_HICP_FPD(1.0),Harmonised index of consumer prices (HICP) - ECOICOP ver.2 - first released data,M,Monthly,I25,"Index, 2025=100",TOTAL,Total,FIN,Final,EA21,Euro area – 21 countries (from 2026),2020-07,,81.73,,,,,
dataflow,ESTAT:PRC_HICP_FPD(1.0),Harmonised index of consumer prices (HICP) - ECOICOP ver.2 - first released data,M,Monthly,I25,"Index, 2025=100",TOTAL,Total,FIN,Final,EA21,Euro area – 21 countries (from 2026),2020-08,,81.39,,,,,
dataflow,ESTAT:PRC_HICP_FPD(1.0),Harmonised index of consumer prices (HICP) - ECOICOP ver.2 - first released data,M,Monthly,I25,"Index, 2025=100",TOTAL,Total,FIN,Final,EA21,Euro area – 21 countries (from 2026),2020-09,,81.45,,,,,
dataflow,ESTAT:PRC_HICP_FPD(1.0),Harmonised index of consumer prices (HICP) - ECOICOP ver.2 - first released data,M,Monthly,I25,"Index, 2025=100",TOTAL,Total,FIN,Final,EA21,Euro area – 21 countries (from 2026),2020-10,,81.60,,,,,
dataflow,ESTAT:PRC_HICP_FPD(1.0),Harmonised index of consumer prices (HICP) - ECOICOP ver.2 - first released data,M,Monthly,I25,"Index, 2025=100",TOTAL,Total,FIN,Final,EA21,Euro area – 21 countries (from 2026),2020-11,,81.33,,,,,
dataflow,ESTAT:PRC_HICP_FPD(1.0),Harmonised index of consumer prices (HICP) - ECOICOP ver.2 - first released data,M,Monthly,I25,"Index, 2025=100",TOTAL,Total,FIN,Final,EA21,Euro area – 21 countries (from 2026),2020-12,,81.59,,,,,
dataflow,ESTAT:PRC_HICP_FPD(1.0),Harmonised index of consumer prices (HICP) - ECOICOP ver.2 - first released data,M,Monthly,I25,"Index, 2025=100",TOTAL,Total,FIN,Final,EA21,Euro area – 21 countries (from 2026),2021-01,,81.73,,,,,
dataflow,ESTAT:PRC_HICP_FPD(1.0),Harmonised index of consumer prices (HICP) - ECOICOP ver.2 - first released data,M,Monthly,I25,"Index, 2025=100",TOTAL,Total,FIN,Final,EA21,Euro area – 21 countries (from 2026),2021-02,,81.90,,,,,
dataflow,ESTAT:PRC_HICP_FPD(1.0),Harmonised index of consumer prices (HICP) - ECOICOP ver.2 - first released data,M,Monthly,I25,"Index, 2025=100",TOTAL,Total,FIN,Final,EA21,Euro area – 21 countries (from 2026),2021-03,,82.67,,,,,
dataflow,ESTAT:PRC_HICP_FPD(1.0),Harmonised index of consumer prices (HICP) - ECOICOP ver.2 - first released data,M,Monthly,I25,"Index, 2025=100",TOTAL,Total,FIN,Final,EA21,Euro area – 21 countries (from 2026),2021-04,,83.14,,,,,
dataflow,ESTAT:PRC_HICP_FPD(1.0),Harmonised index of consumer prices (HICP) - ECOICOP ver.2 - first released data,M,Monthly,I25,"Index, 2025=100",TOTAL,Total,FIN,Final,EA21,Euro area – 21 countries (from 2026),2021-05,,83.36,,,,,
dataflow,ESTAT:PRC_HICP_FPD(1.0),Harmonised index of consumer prices (HICP) - ECOICOP ver.2 - first released data,M,Monthly,I25,"Index, 2025=100",TOTAL,Total,FIN,Final,EA21,Euro area – 21 countries (from 2026),2021-06,,83.57,,,,,
dataflow,ESTAT:PRC_HICP_FPD(1.0),Harmonised index of consumer prices (HICP) - ECOICOP ver.2 - first released data,M,Monthly,I25,"Index, 2025=100",TOTAL,Total,FIN,Final,EA21,Euro area – 21 countries (from 2026),2021-07,,83.51,,,,,
dataflow,ESTAT:PRC_HICP_FPD(1.0),Harmonised index of consumer prices (HICP) - ECOICOP ver.2 - first released data,M,Monthly,I25,"Index, 2025=100",TOTAL,Total,FIN,Final,EA21,Euro area – 21 countries (from 2026),2021-08,,83.80,,,,,
dataflow,ESTAT:PRC_HICP_FPD(1.0),Harmonised index of consumer prices (HICP) - ECOICOP ver.2 - first released data,M,Monthly,I25,"Index, 2025=100",TOTAL,Total,FIN,Final,EA21,Euro area – 21 countries (from 2026),2021-09,,84.19,,,,,
dataflow,ESTAT:PRC_HICP_FPD(1.0),Harmonised index of consumer prices (HICP) - ECOICOP ver.2 - first released data,M,Monthly,I25,"Index, 2025=100",TOTAL,Total,FIN,Final,EA21,Euro area – 21 countries (from 2026),2021-10,,84.91,,,,,
dataflow,ESTAT:PRC_HICP_FPD(1.0),Harmonised index of consumer prices (HICP) - ECOICOP ver.2 - first released data,M,Monthly,I25,"Index, 2025=100",TOTAL,Total,FIN,Final,EA21,Euro area – 21 countries (from 2026),2021-11,,85.29,,,,,
dataflow,ESTAT:PRC_HICP_FPD(1.0),Harmonised index of consumer prices (HICP) - ECOICOP ver.2 - first released data,M,Monthly,I25,"Index, 2025=100",TOTAL,Total,FIN,Final,EA21,Euro area – 21 countries (from 2026),2021-12,,85.66,,,,,
dataflow,ESTAT:PRC_HICP_FPD(1.0),Harmonised index of consumer prices (HICP) - ECOICOP ver.2 - first released data,M,Monthly,I25,"Index, 2025=100",TOTAL,Total,FIN,Final,EA21,Euro area – 21 countries (from 2026),2022-01,,85.92,,,,,
dataflow,ESTAT:PRC_HICP_FPD(1.0),Harmonised index of consumer prices (HICP) - ECOICOP ver.2 - first released data,M,Monthly,I25,"Index, 2025=100",TOTAL,Total,FIN,Final,EA21,Euro area – 21 countries (from 2026),2022-02,,86.73,,,,,
dataflow,ESTAT:PRC_HICP_FPD(1.0),Harmonised index of consumer prices (HICP) - ECOICOP ver.2 - first released data,M,Monthly,I25,"Index, 2025=100",TOTAL,Total,FIN,Final,EA21,Euro area – 21 countries (from 2026),2022-03,,88.84,,,,,
dataflow,ESTAT:PRC_HICP_FPD(1.0),Harmonised index of consumer prices (HICP) - ECOICOP ver.2 - first released data,M,Monthly,I25,"Index, 2025=100",TOTAL,Total,FIN,Final,EA21,Euro area – 21 countries (from 2026),2022-04,,89.36,,,,,
dataflow,ESTAT:PRC_HICP_FPD(1.0),Harmonised index of consumer prices (HICP) - ECOICOP ver.2 - first released data,M,Monthly,I25,"Index, 2025=100",TOTAL,Total,FIN,Final,EA21,Euro area – 21 countries (from 2026),2022-05,,90.11,,,,,
dataflow,ESTAT:PRC_HICP_FPD(1.0),Harmonised index of consumer prices (HICP) - ECOICOP ver.2 - first released data,M,Monthly,I25,"Index, 2025=100",TOTAL,Total,FIN,Final,EA21,Euro area – 21 countries (from 2026),2022-06,,90.85,,,,,
dataflow,ESTAT:PRC_HICP_FPD(1.0),Harmonised index of consumer prices (HICP) - ECOICOP ver.2 - first released data,M,Monthly,I25,"Index, 2025=100",TOTAL,Total,FIN,Final,EA21,Euro area – 21 countries (from 2026),2022-07,,90.96,,,,,
dataflow,ESTAT:PRC_HICP_FPD(1.0),Harmonised index of consumer prices (HICP) - ECOICOP ver.2 - first released data,M,Monthly,I25,"Index, 2025=100",TOTAL,Total,FIN,Final,EA21,Euro area – 21 countries (from 2026),2022-08,,91.51,,,,,
dataflow,ESTAT:PRC_HICP_FPD(1.0),Harmonised index of consumer prices (HICP) - ECOICOP ver.2 - first released data,M,Monthly,I25,"Index, 2025=100",TOTAL,Total,FIN,Final,EA21,Euro area – 21 countries (from 2026),2022-09,,92.60,,,,,
dataflow,ESTAT:PRC_HICP_FPD(1.0),Harmonised index of consumer prices (HICP) - ECOICOP ver.2 - first released data,M,Monthly,I25,"Index, 2025=100",TOTAL,Total,FIN,Final,EA21,Euro area – 21 countries (from 2026),2022-10,,93.97,,,,,
dataflow,ESTAT:PRC_HICP_FPD(1.0),Harmonised index of consumer prices (HICP) - ECOICOP ver.2 - first released data,M,Monthly,I25,"Index, 2025=100",TOTAL,Total,FIN,Final,EA21,Euro area – 21 countries (from 2026),2022-11,,93.91,,,,,
dataflow,ESTAT:PRC_HICP_FPD(1.0),Harmonised index of consumer prices (HICP) - ECOICOP ver.2 - first released data,M,Monthly,I25,"Index, 2025=100",TOTAL,Total,FIN,Final,EA21,Euro area – 21 countries (from 2026),2022-12,,93.59,,,,,
dataflow,ESTAT:PRC_HICP_FPD(1.0),Harmonised index of consumer prices (HICP) - ECOICOP ver.2 - first released data,M,Monthly,I25,"Index, 2025=100",TOTAL,Total,FIN,Final,EA21,Euro area – 21 countries (from 2026),2023-01,,93.40,,,,,
dataflow,ESTAT:PRC_HICP_FPD(1.0),Harmonised index of consumer prices (HICP) - ECOICOP ver.2 - first released data,M,Monthly,I25,"Index, 2025=100",TOTAL,Total,FIN,Final,EA21,Euro area – 21 countries (from 2026),2023-02,,94.15,,,,,
dataflow,ESTAT:PRC_HICP_FPD(1.0),Harmonised index of consumer prices (HICP) - ECOICOP ver.2 - first released data,M,Monthly,I25,"Index, 2025=100",TOTAL,Total,FIN,Final,EA21,Euro area – 21 countries (from 2026),2023-03,,95.00,,,,,
dataflow,ESTAT:PRC_HICP_FPD(1.0),Harmonised index of consumer prices (HICP) - ECOICOP ver.2 - first released data,M,Monthly,I25,"Index, 2025=100",TOTAL,Total,FIN,Final,EA21,Euro area – 21 countries (from 2026),2023-04,,95.61,,,,,
dataflow,ESTAT:PRC_HICP_FPD(1.0),Harmonised index of consumer prices (HICP) - ECOICOP ver.2 - first released data,M,Monthly,I25,"Index, 2025=100",TOTAL,Total,FIN,Final,EA21,Euro area – 21 countries (from 2026),2023-05,,95.64,,,,,
dataflow,ESTAT:PRC_HICP_FPD(1.0),Harmonised index of consumer prices (HICP) - ECOICOP ver.2 - first released data,M,Monthly,I25,"Index, 2025=100",TOTAL,Total,FIN,Final,EA21,Euro area – 21 countries (from 2026),2023-06,,95.88,,,,,
dataflow,ESTAT:PRC_HICP_FPD(1.0),Harmonised index of consumer prices (HICP) - ECOICOP ver.2 - first released data,M,Monthly,I25,"Index, 2025=100",TOTAL,Total,FIN,Final,EA21,Euro area – 21 countries (from 2026),2023-07,,95.80,,,,,
dataflow,ESTAT:PRC_HICP_FPD(1.0),Harmonised index of consumer prices (HICP) - ECOICOP ver.2 - first released data,M,Monthly,I25,"Index, 2025=100",TOTAL,Total,FIN,Final,EA21,Euro area – 21 countries (from 2026),2023-08,,96.33,,,,,
dataflow,ESTAT:PRC_HICP_FPD(1.0),Harmonised index of consumer prices (HICP) - ECOICOP ver.2 - first released data,M,Monthly,I25,"Index, 2025=100",TOTAL,Total,FIN,Final,EA21,Euro area – 21 countries (from 2026),2023-09,,96.63,,,,,
dataflow,ESTAT:PRC_HICP_FPD(1.0),Harmonised index of consumer prices (HICP) - ECOICOP ver.2 - first released data,M,Monthly,I25,"Index, 2025=100",TOTAL,Total,FIN,Final,EA21,Euro area – 21 countries (from 2026),2023-10,,96.71,,,,,
dataflow,ESTAT:PRC_HICP_FPD(1.0),Harmonised index of consumer prices (HICP) - ECOICOP ver.2 - first released data,M,Monthly,I25,"Index, 2025=100",TOTAL,Total,FIN,Final,EA21,Euro area – 21 countries (from 2026),2023-11,,96.18,,,,,
dataflow,ESTAT:PRC_HICP_FPD(1.0),Harmonised index of consumer prices (HICP) - ECOICOP ver.2 - first released data,M,Monthly,I25,"Index, 2025=100",TOTAL,Total,FIN,Final,EA21,Euro area – 21 countries (from 2026),2023-12,,96.34,,,,,
dataflow,ESTAT:PRC_HICP_FPD(1.0),Harmonised index of consumer prices (HICP) - ECOICOP ver.2 - first released data,M,Monthly,I25,"Index, 2025=100",TOTAL,Total,FIN,Final,EA21,Euro area – 21 countries (from 2026),2024-01,,96.00,,,,,
dataflow,ESTAT:PRC_HICP_FPD(1.0),Harmonised index of consumer prices (HICP) - ECOICOP ver.2 - first released data,M,Monthly,I25,"Index, 2025=100",TOTAL,Total,FIN,Final,EA21,Euro area – 21 countries (from 2026),2024-02,,96.59,,,,,
dataflow,ESTAT:PRC_HICP_FPD(1.0),Harmonised index of consumer prices (HICP) - ECOICOP ver.2 - first released data,M,Monthly,I25,"Index, 2025=100",TOTAL,Total,FIN,Final,EA21,Euro area – 21 countries (from 2026),2024-03,,97.32,,,,,
dataflow,ESTAT:PRC_HICP_FPD(1.0),Harmonised index of consumer prices (HICP) - ECOICOP ver.2 - first released data,M,Monthly,I25,"Index, 2025=100",TOTAL,Total,FIN,Final,EA21,Euro area – 21 countries (from 2026),2024-04,,97.88,,,,,
dataflow,ESTAT:PRC_HICP_FPD(1.0),Harmonised index of consumer prices (HICP) - ECOICOP ver.2 - first released data,M,Monthly,I25,"Index, 2025=100",TOTAL,Total,FIN,Final,EA21,Euro area – 21 countries (from 2026),2024-05,,98.09,,,,,
dataflow,ESTAT:PRC_HICP_FPD(1.0),Harmonised index of consumer prices (HICP) - ECOICOP ver.2 - first released data,M,Monthly,I25,"Index, 2025=100",TOTAL,Total,FIN,Final,EA21,Euro area – 21 countries (from 2026),2024-06,,98.30,,,,,
dataflow,ESTAT:PRC_HICP_FPD(1.0),Harmonised index of consumer prices (HICP) - ECOICOP ver.2 - first released data,M,Monthly,I25,"Index, 2025=100",TOTAL,Total,FIN,Final,EA21,Euro area – 21 countries (from 2026),2024-07,,98.28,,,,,
dataflow,ESTAT:PRC_HICP_FPD(1.0),Harmonised index of consumer prices (HICP) - ECOICOP ver.2 - first released data,M,Monthly,I25,"Index, 2025=100",TOTAL,Total,FIN,Final,EA21,Euro area – 21 countries (from 2026),2024-08,,98.41,,,,,
dataflow,ESTAT:PRC_HICP_FPD(1.0),Harmonised index of consumer prices (HICP) - ECOICOP ver.2 - first released data,M,Monthly,I25,"Index, 2025=100",TOTAL,Total,FIN,Final,EA21,Euro area – 21 countries (from 2026),2024-09,,98.31,,,,,
dataflow,ESTAT:PRC_HICP_FPD(1.0),Harmonised index of consumer prices (HICP) - ECOICOP ver.2 - first released data,M,Monthly,I25,"Index, 2025=100",TOTAL,Total,FIN,Final,EA21,Euro area – 21 countries (from 2026),2024-10,,98.65,,,,,
dataflow,ESTAT:PRC_HICP_FPD(1.0),Harmonised index of consumer prices (HICP) - ECOICOP ver.2 - first released data,M,Monthly,I25,"Index, 2025=100",TOTAL,Total,FIN,Final,EA21,Euro area – 21 countries (from 2026),2024-11,,98.34,,,,,
dataflow,ESTAT:PRC_HICP_FPD(1.0),Harmonised index of consumer prices (HICP) - ECOICOP ver.2 - first released data,M,Monthly,I25,"Index, 2025=100",TOTAL,Total,FIN,Final,EA21,Euro area – 21 countries (from 2026),2024-12,,98.68,,,,,
dataflow,ESTAT:PRC_HICP_FPD(1.0),Harmonised index of consumer prices (HICP) - ECOICOP ver.2 - first released data,M,Monthly,I25,"Index, 2025=100",TOTAL,Total,FIN,Final,EA21,Euro area – 21 countries (from 2026),2025-01,,98.43,,,,,
dataflow,ESTAT:PRC_HICP_FPD(1.0),Harmonised index of consumer prices (HICP) - ECOICOP ver.2 - first released data,M,Monthly,I25,"Index, 2025=100",TOTAL,Total,FIN,Final,EA21,Euro area – 21 countries (from 2026),2025-02,,98.85,,,,,
dataflow,ESTAT:PRC_HICP_FPD(1.0),Harmonised index of consumer prices (HICP) - ECOICOP ver.2 - first released data,M,Monthly,I25,"Index, 2025=100",TOTAL,Total,FIN,Final,EA21,Euro area – 21 countries (from 2026),2025-03,,99.45,,,,,
dataflow,ESTAT:PRC_HICP_FPD(1.0),Harmonised index of consumer prices (HICP) - ECOICOP ver.2 - first released data,M,Monthly,I25,"Index, 2025=100",TOTAL,Total,FIN,Final,EA21,Euro area – 21 countries (from 2026),2025-04,,100.00,,,,,
dataflow,ESTAT:PRC_HICP_FPD(1.0),Harmonised index of consumer prices (HICP) - ECOICOP ver.2 - first released data,M,Monthly,I25,"Index, 2025=100",TOTAL,Total,FIN,Final,EA21,Euro area – 21 countries (from 2026),2025-05,,99.95,,,,,
dataflow,ESTAT:PRC_HICP_FPD(1.0),Harmonised index of consumer prices (HICP) - ECOICOP ver.2 - first released data,M,Monthly,I25,"Index, 2025=100",TOTAL,Total,FIN,Final,EA21,Euro area – 21 countries (from 2026),2025-06,,100.25,,,,,
dataflow,ESTAT:PRC_HICP_FPD(1.0),Harmonised index of consumer prices (HICP) - ECOICOP ver.2 - first released data,M,Monthly,I25,"Index, 2025=100",TOTAL,Total,FIN,Final,EA21,Euro area – 21 countries (from 2026),2025-07,,100.29,,,,,
dataflow,ESTAT:PRC_HICP_FPD(1.0),Harmonised index of consumer prices (HICP) - ECOICOP ver.2 - first released data,M,Monthly,I25,"Index, 2025=100",TOTAL,Total,FIN,Final,EA21,Euro area – 21 countries (from 2026),2025-08,,100.44,,,,,
dataflow,ESTAT:PRC_HICP_FPD(1.0),Harmonised index of consumer prices (HICP) - ECOICOP ver.2 - first released data,M,Monthly,I25,"Index, 2025=100",TOTAL,Total,FIN,Final,EA21,Euro area – 21 countries (from 2026),2025-09,,100.52,,,,,
dataflow,ESTAT:PRC_HICP_FPD(1.0),Harmonised index of consumer prices (HICP) - ECOICOP ver.2 - first released data,M,Monthly,I25,"Index, 2025=100",TOTAL,Total,FIN,Final,EA21,Euro area – 21 countries (from 2026),2025-10,,100.74,,,,,
dataflow,ESTAT:PRC_HICP_FPD(1.0),Harmonised index of consumer prices (HICP) - ECOICOP ver.2 - first released data,M,Monthly,I25,"Index, 2025=100",TOTAL,Total,FIN,Final,EA21,Euro area – 21 countries (from 2026),2025-11,,100.45,,,,,
dataflow,ESTAT:PRC_HICP_FPD(1.0),Harmonised index of consumer prices (HICP) - ECOICOP ver.2 - first released data,M,Monthly,I25,"Index, 2025=100",TOTAL,Total,FIN,Final,EA21,Euro area – 21 countries (from 2026),2025-12,,100.63,,,,,
dataflow,ESTAT:PRC_HICP_FPD(1.0),Harmonised index of consumer prices (HICP) - ECOICOP ver.2 - first released data,M,Monthly,I25,"Index, 2025=100",TOTAL,Total,FIN,Final,EA21,Euro area – 21 countries (from 2026),2026-01,,100.07,,,,,
dataflow,ESTAT:PRC_HICP_FPD(1.0),Harmonised index of consumer prices (HICP) - ECOICOP ver.2 - first released data,M,Monthly,I25,"Index, 2025=100",TOTAL,Total,FIN,Final,EA21,Euro area – 21 countries (from 2026),2026-02,,100.72,,,,,
dataflow,ESTAT:PRC_HICP_FPD(1.0),Harmonised index of consumer prices (HICP) - ECOICOP ver.2 - first released data,M,Monthly,I25,"Index, 2025=100",TOTAL,Total,FIN,Final,EA21,Euro area – 21 countries (from 2026),2026-03,,102.00,,,,,
dataflow,ESTAT:PRC_HICP_FPD(1.0),Harmonised index of consumer prices (HICP) - ECOICOP ver.2 - first released data,M,Monthly,I25,"Index, 2025=100",TOTAL,Total,FIN,Final,EA21,Euro area – 21 countries (from 2026),2026-04,,103.05,,,,,
