bank,date,full_P,P_without,decisiveness_gain,family,ambiguity_sentence
Fed,20250129,0.494,0.256,0.238,"condition_inflation, condition_labour_growth, mixed_two_sided_risk","So, as, as I mentioned, the economy's strong, the labor market's solid, downside risks to the labor market appear to have abated, and we think disinflation cont"
ECB,20220721,0.498,0.291,0.206,"condition_inflation, policy_action","And moving out of negative interest rates, by all accounts, certainly to me, is going to facilitate a number of things that we can explain to European citizens "
BoE,202205,0.494,0.302,0.192,"condition_inflation, policy_action, hedging","I mean, I would note, that as you can see in the monetary policy report, that the profile that we published for constant interest rates, on the previous setting"
Fed,20190918,0.495,0.305,0.189,"condition_labour_growth, policy_action, hedging",And we think our policy tools support economic activity through fairly well-understood channels: by reducing interest burden and encouraging consumer purchase o
Fed,20240131,0.498,0.312,0.186,"condition_inflation, condition_labour_growth, conditionality_guidance","You know, it's-again, we've had inflation come down without a slow economy and without, you know, important increases in, in unemployment, and there's no reason"
BoE,202011,0.501,0.331,0.167,"condition_inflation, condition_labour_growth","It is related, as I said in my introductory remarks, to the inflation target and, of course, to the secondary in a sense objective that we have that subject to "
ECB,20210722,0.508,0.328,0.164,policy_action,"We did not discuss any relation between APP and interest rates, and we really focussed our exercise on the work on our revisiting and revising the forward guida"
ECB,20190124,0.493,0.333,0.161,policy_action,"In other words, we don't want to be again in the situation where we were in 2012, '13 and '14 where we lowered interest, policy interest rates, and this was not"
Fed,20240320,0.498,0.339,0.159,"policy_action, hedging","I mean, my instinct would be that rates will not go back down to the very low levels that we saw, where, all around the world, there were long- run [real intere"
BoE,202311,0.504,0.347,0.149,"condition_inflation, policy_action","It's really deliberate to just make the points that although, encouragingly inflation is coming down and we expect it to come down further, there is still a ver"
BoE,201808,0.504,0.355,0.141,"condition_inflation, policy_action, hedging",The view of the committee in May and June was still that limited and gradual rate increases would be required to return inflation to target.
BoE,201705,0.498,0.36,0.137,"condition_inflation, condition_labour_growth, policy_action","I think it's important to put this in context, and the context is that the economy is still growing solidly, the economy is still creating jobs, wages are still"
Fed,20190918,0.495,0.359,0.135,policy_action,"And so, to some extent, I do believe that our shifting to a more accommodative stance over the course of the year has been one of the reasons why the outlook ha"
Fed,20150318,0.493,0.374,0.118,condition_inflation,"The strength of the dollar is also one factor that, as I noted, is holding down import prices and, at least on a transitory basis at this point, pushing inflati"
ECB,20170608,0.5,0.39,0.11,"condition_inflation, policy_action, conditionality_guidance","Of course, there are people who - one or two Council members observed that we have to think in perspective to the link between the asset purchase programme and "
ECB,20200312,0.494,0.386,0.108,"hedging, conditionality_guidance","On the other point, I think I have dealt extensively with these issuer limits, and all I have to say at this moment, again, is that we will use all flexibilitie"
Fed,20230201,0.495,0.393,0.102,condition_inflation,"I think, you know, the markets have decided, and the public has decided, that inflation is going to come back down to 2 percent and it's just a matter of us fol"
ECB,20220609,0.494,0.397,0.097,"policy_action, hedging","In relation to the July rate hikes that we discussed, we certainly considered that the three rates would be impacted by the hike, not just the deposit facility "
Fed,20170315,0.5,0.404,0.096,condition_inflation,"And inflation is moving- moving up, I think, toward our 2 percent objective."
BoE,201608,0.504,0.401,0.095,policy_action,But the stimulus that we've designed has been targeted not at the exchange rate but at the domestic economy in order to support the domestic economy.
Fed,20220504,0.499,0.411,0.088,"condition_labour_growth, policy_action, conditionality_guidance","So, and the labor market-if you look at the labor market, for people who are out of work and looking, there are lots of job opportunities for-wages are moving u"
ECB,20190606,0.498,0.411,0.087,"condition_inflation, policy_action",That's why on other occasions I made the point of stressing that the Governing Council is not resigned to having a lower rate of inflation forever - even for no
Fed,20250730,0.506,0.589,0.083,hedging,"I mean, ultimately, it's-it could be any-it could be any of those things."
Fed,20210127,0.501,0.417,0.082,(none),"We're focused on finishing the job we're doing, which is to support the economy, to give the economy the support it needs."
Fed,20190619,0.503,0.421,0.077,"condition_inflation, policy_action, hedging",We have-we've said that we wouldn't look at raising the target rate for inflation.
ECB,20230727,0.5,0.423,0.077,(none),We have a target which is medium term 2% sustainable and we want to get there.
ECB,20220203,0.501,0.428,0.072,hedging,"Let's not forget that we will continue doing so on the basis of our forward guidance, that we will continue to observe the sequence that we have agreed, and tha"
BoE,201511,0.504,0.426,0.07,"condition_inflation, hedging","So taking all of that into account, and recognising, as I said to Robert, the pick-up in domestic costs that would be necessary to offset it, there's a desire t"
Fed,20220504,0.492,0.424,0.068,conditionality_guidance,"But I'll say again, if we do believe that it's appropriate to go to those levels, we won't hesitate."
Fed,20250730,0.508,0.426,0.067,condition_inflation,"But in the end, there should be no doubt that we will do what we need to do to keep inflation under control."
BoE,201911,0.508,0.426,0.066,condition_inflation,"Secondly, the biggest driver of the move in inflation are temporary factors, petrol prices are down a bit, sterling is up a bit so you get some pass through fro"
Fed,20201105,0.505,0.43,0.065,"condition_labour_growth, hedging, mixed_two_sided_risk","We have been concerned that the downside risks, though, are, are prevalent now, which are-which are really the risk of the further spread of the disease and als"
Fed,20201105,0.503,0.432,0.064,policy_action,"Clearly, you know, therapeutics are advancing, research on vaccines are advancing, death rates are way down, hospitalization rates are, are lower now, but-so we"
Fed,20210922,0.497,0.436,0.062,(none),"And now we're in a situation where they still have a use, but it's time for us to begin to taper them."
ECB,20220908,0.506,0.434,0.06,policy_action,"So we are using the policy rate, we will continue using that policy rate in the next several meetings, as I have said, and of course we will look at other monet"
Fed,20240918,0.501,0.439,0.06,(none),"And, as I said, you can-you can see our, our 50 basis point move as a commitment to make sure that we don't fall behind."
Fed,20211103,0.503,0.443,0.054,"condition_inflation, mixed_two_sided_risk",We have to be aware of the risks that we're-particularly now the risk of significantly higher inflation.
Fed,20200429,0.495,0.442,0.053,mixed_two_sided_risk,"Of course, this is the period as well that carries the risk of new outbreaks of the virus, something we really want to avoid."
Fed,20200916,0.505,0.445,0.05,(none),"As I mentioned, I think over time it will provide very powerful support for this economy as we move forward."
Fed,20210616,0.5,0.467,0.033,"condition_inflation, condition_labour_growth, hedging","In other words, wages in excess of productivity and inflation, you know, by a meaningful amount broadly across the economy, sort of forcing companies to keep ra"
