bank,date_dt,mean_stance,disagreement,disagreement_pred,bnd_uncertainty,sign_conflict_rate,n_turns,is_test,model_choice_spread
BoE,2015-01-01,0.126984126984127,0.15045569308919168,0.08232904319251276,0.5839823418428569,0.0,21,0,0.0526448379421492
BoE,2015-02-01,0.06,0.11734084106327693,0.08123156091874016,0.5015783401801772,0.0,25,0,0.050332229568471665
BoE,2015-05-01,0.06944444444444443,0.16542448234213666,0.08449246038280084,0.5420600625782153,0.08333333333333333,24,0,0.0856168611523469
BoE,2015-08-01,0.32608695652173914,0.1544154354492095,0.06402253519170341,0.6022823215262659,0.0,23,0,0.09640677315688456
BoE,2016-01-01,-0.18253968253968256,0.184587146103047,0.09456223083683976,0.6231066836032202,0.0,21,0,0.07487286612743337
BoE,2016-02-01,0.08333333333333334,0.10802895489843614,0.09834824767705537,0.4814672611608768,0.05,20,0,0.037267799624996496
BoE,2016-05-01,-0.023809523809523808,0.07568754807337746,0.08658564655893954,0.5061300228724027,0.0,21,0,0.0455917670360161
BoE,2016-08-01,-0.3819444444444444,0.24549548019873468,0.09437865121403265,0.6263642769678649,0.041666666666666664,24,0,0.10869774890623976
BoE,2017-01-01,0.23684210526315788,0.15439584350431174,0.0687160831823504,0.6065654422102437,0.05263157894736842,19,0,0.06622661785325219
BoE,2017-02-01,-0.03333333333333333,0.08302373283332867,0.07700001718792022,0.5735990030815717,0.0,15,0,0.06382847385042255
BoE,2017-05-01,0.04166666666666667,0.11673972510204282,0.08360442840967992,0.5737847724366202,0.0,20,1,0.05335936864527375
BoE,2018-01-01,0.007936507936507934,0.07568754807337746,0.07336527812385521,0.44226991347290073,0.0,21,0,0.05081844632883213
BoE,2018-02-01,0.23148148148148145,0.13571161342122576,0.08235326073655304,0.5345431179667122,0.0,18,0,0.06740842490074556
BoE,2018-05-01,0.1388888888888889,0.17119774890623982,0.07127580704925085,0.5043416127101261,0.0,24,0,0.03928371006591931
BoE,2018-08-01,0.22916666666666666,0.13497309717956407,0.09002203985981393,0.6623472444156497,0.0,16,0,0.09991315673568166
BoE,2019-01-01,-0.057692307692307696,0.14149526996468667,0.08319888901478076,0.44181162985965733,0.0,26,1,0.061818274108929205
BoE,2019-02-01,-0.10317460317460317,0.08873285624999167,0.0963101671663195,0.5170979520720542,0.0,21,1,0.04273940323122622
BoE,2019-05-01,0.22463768115942032,0.03669923987134768,0.06665117274360058,0.5091365297719835,0.0,23,1,0.029877576997229423
BoE,2019-08-01,-0.018518518518518517,0.06759780629394231,0.08488347621869147,0.4042182285367403,0.0,18,0,0.026189140043946204
BoE,2020-01-01,-0.11458333333333334,0.08579237476562282,0.09221419680184686,0.47876701817981865,0.0,16,0,0.05609546674098442
BoE,2020-03-01,-0.3222222222222222,0.177304636991535,0.07547656571338883,0.47680527128770506,0.0,30,0,0.13286956381223775
BoE,2020-05-01,-0.11805555555555557,0.10258818774128715,0.0747680691013297,0.45854057290979516,0.0,24,0,0.0655137578615042
BoE,2020-08-01,-0.15789473684210525,0.07443229275647868,0.08481672123445758,0.43625128873756863,0.0,19,0,0.06077371254627639
BoE,2021-01-01,-0.09420289855072463,0.12754439246008362,0.0934198710232342,0.44575948850479685,0.0,23,0,0.046399450995890205
BoE,2021-02-01,-0.01515151515151515,0.03387981784090591,0.08770020908733092,0.5222511108524727,0.0,11,0,0.03387981784090591
BoE,2021-05-01,-0.020833333333333332,0.04658474953124562,0.09046070856470906,0.3931721201205321,0.0,24,0,0.020833333333333336
BoE,2021-08-01,0.02564102564102564,0.0935969625608432,0.09687651489629918,0.568530208140156,0.0,13,1,0.057335076346148456
BoE,2022-01-01,0.06666666666666667,0.06125067151909094,0.06727497737668163,0.3857407222216873,0.04,25,1,0.03771236166328254
BoE,2022-02-01,0.2583333333333333,0.12310582528954457,0.06079031356183048,0.4658917088307158,0.1,20,0,0.06718548123582124
BoE,2022-05-01,0.025641025641025644,0.13965284906400216,0.053132872369180524,0.6084016181476961,0.0,13,0,0.1057206570671195
BoE,2022-08-01,0.11403508771929824,0.15439584350431174,0.07778374802512275,0.4797132167956134,0.0,19,0,0.09324689309416358
BoE,2023-01-01,0.35294117647058826,0.10266799955881942,0.0823125989094427,0.5359905876441966,0.0,17,0,0.08318903308077029
BoE,2023-02-01,0.10526315789473684,0.16279575586341735,0.10215408406436341,0.4624232738282956,0.10526315789473684,19,0,0.0960916767552923
BoE,2023-05-01,0.058823529411764705,0.06234483924624952,0.06172394262240771,0.5832023595012474,0.058823529411764705,17,0,0.048029210642807414
BoE,2023-08-01,0.07843137254901962,0.17662772404519445,0.08485365389883345,0.6312192616647243,0.058823529411764705,17,0,0.08768894029410941
BoE,2024-01-01,-0.1474358974358974,0.09469678868426505,0.08543003334385821,0.3589848046994819,0.038461538461538464,26,0,0.041045668188672106
BoE,2024-02-01,-1.460819769243627e-18,0.16333621787109398,0.07334190462343347,0.6650143262415851,0.05263157894736842,19,0,0.042973504259354
BoE,2024-05-01,-0.06249999999999999,0.1520950641613702,0.05635167012238846,0.5512741411625929,0.0625,16,0,0.05103103630798288
BoE,2024-08-01,0.043478260869565216,0.138766880449406,0.07175292139599608,0.5155297135687268,0.08695652173913043,23,0,0.043478260869565216
BoE,2025-01-01,-0.025,0.07947192547704633,0.09317661980555794,0.4849008783668333,0.0,20,0,0.04787135538781691
BoE,2025-02-01,-0.12,0.0,0.09223443977933746,0.38380306907473427,0.0,25,0,0.0
BoE,2025-05-01,-0.06349206349206349,0.03549314249999667,0.08977811688854913,0.3431537583476749,0.0,21,0,0.022447834323382456
BoE,2025-08-01,-0.08333333333333333,0.11449127946288658,0.07354365211486626,0.44954578892306984,0.0,18,0,0.06211299937499414
BoE,2026-02-01,-0.08333333333333334,0.08708049924483738,0.07215979606174192,0.49245756109326627,0.05,20,0,0.07993052538854532
ECB,2015-01-22,-0.20588235294117646,0.10961117536763675,0.04256321439606658,0.4729353220168507,0.058823529411764705,17,0,0.029411764705882346
ECB,2015-03-05,-0.303030303030303,0.23280391184835986,0.09321787441488313,0.5485800737800282,0.0,11,0,0.12494259471568668
ECB,2015-04-15,-0.04444444444444444,0.07914561806241845,0.05373767908040206,0.6180408629650493,0.06666666666666667,15,0,0.07370277311900889
ECB,2015-06-03,-0.03787878787878788,0.05081972676135886,0.09864436158037275,0.4641165314661459,0.0,22,0,0.0407967030843523
ECB,2015-07-16,-0.08888888888888889,0.09938079899999067,0.055760703993004306,0.4533428471820971,0.0,15,0,0.0628539361054709
ECB,2015-09-03,-0.20588235294117646,0.13207976426470175,0.06850699015757285,0.5388650766221723,0.0,17,0,0.081437488852138
ECB,2015-10-22,-0.2549019607843137,0.1581273549459996,0.04271318730226963,0.4572305130363359,0.0,17,0,0.08084520834544434
ECB,2015-12-03,-0.23809523809523808,0.12194490620628373,0.06216576223504589,0.5323395726573639,0.0,21,0,0.0549857399228215
ECB,2016-01-21,-0.27777777777777773,0.29765784912147525,0.09530538022984979,0.4942944316628481,0.13333333333333333,15,0,0.11811273125260723
ECB,2016-03-10,-0.3333333333333333,0.18887367331107083,0.08314513698788946,0.6216010495568189,0.0625,16,0,0.09991315673568166
ECB,2016-04-21,-0.23076923076923078,0.1661207349902327,0.05675426361994393,0.5547255627569302,0.0,13,0,0.1175019408963036
ECB,2016-06-02,-0.17777777777777776,0.1392959006360618,0.10488710885012956,0.5733981349369778,0.0,15,0,0.04969039949999533
ECB,2016-07-21,-0.0784313725490196,0.0715741478406448,0.06910516505891005,0.3824841458286587,0.0,17,0,0.0438444701470547
ECB,2016-09-08,-0.28205128205128205,0.18570873556716114,0.07843349323191097,0.5396247217760402,0.0,13,0,0.15169435341281068
ECB,2016-10-20,-0.1794871794871795,0.12985884877553794,0.07825823288420748,0.5120576474242147,0.0,13,0,0.057335076346148456
ECB,2016-12-08,-0.2619047619047619,0.06870519245628873,0.05788535055797588,0.525862873335817,0.0,21,0,0.05323971374999499
ECB,2017-01-19,-0.11904761904761904,0.197021148529578,0.08136383712164207,0.64089222108528,0.0,14,1,0.06734350297014738
ECB,2017-03-09,-0.08333333333333333,0.21372125363758676,0.06366581113602124,0.4444974469263022,0.2,10,0,0.08975274678557507
ECB,2017-04-27,-0.18253968253968256,0.18731052507532966,0.09059988934451903,0.45054725441322446,0.0,21,0,0.08436623660900515
ECB,2017-06-08,-0.16666666666666666,0.2157937233879935,0.04785530864296277,0.5495298098699979,0.125,16,0,0.10622957319984969
ECB,2017-07-20,-0.20833333333333334,0.14306337610758013,0.08785969478618412,0.5257006486630288,0.0,12,0,0.11536977587386216
ECB,2017-09-07,-0.13492063492063494,0.15612443270088655,0.09042759347176269,0.5154252456083812,0.047619047619047616,21,1,0.07487286612743337
ECB,2017-10-26,-0.10869565217391304,0.12116919820100261,0.07210884505115117,0.4628548355920352,0.0,23,0,0.06988152725357213
ECB,2017-12-14,0.022222222222222216,0.28841974611870136,0.061065004473563875,0.6043774292210041,0.2,15,1,0.1872477727372524
ECB,2018-01-25,-0.09649122807017543,0.10074808223016289,0.08283489296461059,0.4873887499883402,0.0,19,1,0.03616759320717246
ECB,2018-03-08,-0.031249999999999997,0.10378619362304517,0.08995538189624203,0.5810967338936358,0.0625,16,0,0.047735163489123336
ECB,2018-04-26,-0.23809523809523808,0.12058321672014238,0.06012055338669139,0.5052875526263342,0.0,14,0,0.0789672569132238
ECB,2018-06-14,0.01282051282051282,0.10119131060246371,0.07983397796571325,0.6107289869966872,0.0,13,0,0.028667538173074228
ECB,2018-07-26,-0.07575757575757575,0.07673477427645424,0.0644934667653439,0.4376953208545833,0.0,11,0,0.03387981784090591
ECB,2018-09-13,-0.011111111111111112,0.13142696805273546,0.07772388662424352,0.5871612048107717,0.06666666666666667,15,1,0.08089010988089465
ECB,2018-10-25,-0.05555555555555555,0.06759780629394231,0.10890113473458586,0.3927873668108199,0.0,18,0,0.05555555555555555
ECB,2018-12-13,-0.15555555555555556,0.17921100227213288,0.09393105095111492,0.5218138470345607,0.0,15,0,0.10657403385139377
ECB,2019-01-24,-0.10606060606060605,0.10927021746487448,0.08849541090066393,0.4935201778867271,0.045454545454545456,22,0,0.07266411398958667
ECB,2019-03-07,-0.23076923076923078,0.20678192569861487,0.08036570104719253,0.5011671465170048,0.0,13,0,0.10878565864408425
ECB,2019-04-10,-0.1875,0.17329590794557165,0.06792866366726974,0.5346517403594984,0.125,16,0,0.08068715304598785
ECB,2019-06-06,-0.35294117647058826,0.16435945779297573,0.08471892872652903,0.5611982379062419,0.058823529411764705,17,0,0.08985442539129097
ECB,2019-07-25,-0.25925925925925924,0.20478312460774337,0.07315895379947676,0.5749883693625117,0.1111111111111111,18,0,0.130945700219731
ECB,2019-09-12,-0.2777777777777778,0.1755316419373903,0.08662817713283505,0.5223822099511116,0.0,18,0,0.1111111111111111
ECB,2019-10-24,-0.2101449275362319,0.04861017342390848,0.06523406025357759,0.4402606761389188,0.0,23,1,0.016203391141302825
ECB,2019-12-12,0.012820512820512822,0.0747234246762332,0.09099320635834797,0.5591354228849944,0.0,13,0,0.028667538173074228
ECB,2020-01-23,-0.08333333333333333,0.13015438111897135,0.061017797526175525,0.6105527657644674,0.08333333333333333,12,0,0.048112522432468816
ECB,2020-03-12,-0.630952380952381,0.2432089676694968,0.08809139237756425,0.633290450976043,0.0,14,0,0.15658269569007027
ECB,2020-04-30,-0.5185185185185186,0.24630672369899573,0.10086394996206355,0.594022424521671,0.0,9,0,0.17762338975232295
ECB,2020-06-04,-0.45,0.14428090415820632,0.08714463829390251,0.5207975929202637,0.0,10,0,0.09574271077563382
ECB,2020-07-16,-0.24074074074074073,0.19854350651367333,0.06098441522122211,0.6105473094677705,0.0,9,0,0.14930106941293608
ECB,2020-09-10,-0.26666666666666666,0.2618033988749895,0.07046095104855787,0.6297086890262549,0.0,10,0,0.15986105077709065
ECB,2020-10-29,-0.5972222222222222,0.2051763754825743,0.09593604309641048,0.7640558732475796,0.0,12,0,0.11197580205970206
ECB,2020-12-10,-0.7083333333333334,0.1863389981249825,0.06770726563050741,0.4858393542334589,0.0,8,0,0.1178511301977579
ECB,2021-01-21,-0.5416666666666666,0.18392556509887897,0.051068648038435485,0.5967880032209351,0.0,8,0,0.13819269959814165
ECB,2021-03-11,-0.6041666666666667,0.28180932510322915,0.09624521053355505,0.6562953963224444,0.125,8,1,0.22146137109863853
ECB,2021-04-22,-0.34722222222222227,0.13245320912841055,0.07914626497188022,0.6722474771287011,0.0,12,0,0.057265355911356404
ECB,2021-06-10,-0.2121212121212121,0.20595593666105627,0.038772923905414605,0.7307408261340136,0.09090909090909091,11,0,0.06775963568181181
ECB,2021-07-08,-0.09722222222222221,0.19794577541818917,0.07300428440983235,0.5961262078526263,0.08333333333333333,12,0,0.12187450538044613
ECB,2021-07-22,-0.21212121212121213,0.25576529515358326,0.08793683457632638,0.6736037484727095,0.09090909090909091,11,1,0.14532822797917333
ECB,2021-09-09,-0.041666666666666664,0.24860711330485652,0.08125250263402646,0.6212634924009223,0.16666666666666666,12,0,0.10485881160098263
ECB,2021-10-28,-0.011904761904761908,0.25386624219309845,0.06386113350313329,0.5021139591988482,0.21428571428571427,14,0,0.18633899812498245
ECB,2021-12-16,-0.2619047619047619,0.2944061471902798,0.06330734070769249,0.7329248941081651,0.0,7,1,0.12821820969367867
ECB,2022-02-03,0.27380952380952384,0.2095372161844231,0.0978431080149056,0.7402243084745764,0.0,14,1,0.08666797487238713
ECB,2022-03-10,0.0625,0.10551031463012459,0.08520055363635096,0.6538777351835353,0.0,8,0,0.09547032697824667
ECB,2022-04-14,0.25,0.17167605132909616,0.08617495954798084,0.7034978383271235,0.0,10,0,0.13844373104863458
ECB,2022-06-09,0.5454545454545454,0.23917946142400515,0.05023372692557055,0.617836524753759,0.0,11,0,0.09090909090909093
ECB,2022-07-21,0.33333333333333337,0.10937619914123384,0.08800237504040101,0.463237958883493,0.07142857142857142,14,0,0.0789672569132238
ECB,2022-09-08,0.717948717948718,0.0935969625608432,0.10324807548144724,0.4702782722315443,0.0,13,0,0.05733507634614846
ECB,2022-10-27,0.6333333333333333,0.09428090415820634,0.08333694488818763,0.46532078757731643,0.0,10,0,0.09428090415820632
ECB,2022-12-15,0.511904761904762,0.08895399946428072,0.07396940317098036,0.4186660392977419,0.0,14,0,0.04908459078116262
ECB,2023-02-02,0.6388888888888888,0.12261704339925265,0.037684171331879075,0.46375683469107215,0.0,12,0,0.07856742013183861
ECB,2023-03-16,0.2638888888888889,0.10962391981933568,0.09227862321874798,0.6084440713607285,0.0,12,0,0.07479395565464589
ECB,2023-05-04,0.5,0.2238287732537174,0.08420764577544529,0.5353528318291584,0.09090909090909091,11,0,0.15525682978726663
ECB,2023-06-15,0.5909090909090909,0.21594084591075183,0.09232148423888238,0.649408228996469,0.09090909090909091,11,0,0.15525682978726665
ECB,2023-07-27,0.2692307692307692,0.11608604679430026,0.07761559735304628,0.6188301736431643,0.07692307692307693,13,0,0.08600261451922268
ECB,2023-09-14,0.3333333333333333,0.23623287517007138,0.07010402340193057,0.6429835740872539,0.0,12,0,0.06804138174397717
ECB,2023-10-26,0.05128205128205129,0.20678192569861487,0.06584549878337169,0.543021471224037,0.0,13,0,0.0850416612911641
ECB,2023-12-14,0.4166666666666667,0.3646941723469989,0.07710077477139711,0.617608173067286,0.0,6,0,0.24999999999999997
ECB,2024-01-25,0.08333333333333333,0.237534930501827,0.07379617006059899,0.6582841494817911,0.1,10,0,0.1674979270186815
ECB,2024-03-07,-0.0303030303030303,0.19632450498845683,0.11251620502698549,0.7614353386109621,0.0,11,0,0.08570991287109667
ECB,2024-04-11,0.01851851851851851,0.20704333124998053,0.08670201478078449,0.8329121375610092,0.0,9,0,0.09972527420619451
ECB,2024-06-06,0.018518518518518507,0.18837602865994674,0.07443289485565345,0.638633661237257,0.2222222222222222,9,0,0.07635380788180852
ECB,2024-07-18,0.14814814814814814,0.10475656017578482,0.08763493344384443,0.7033725720195106,0.0,9,0,0.08281733249999221
ECB,2024-09-12,-0.14583333333333331,0.10551031463012459,0.10344080158735887,0.5551050758040718,0.0,8,0,0.04658474953124561
ECB,2024-10-17,0.04545454545454546,0.10163945352271772,0.07965334772689225,0.5149242487428961,0.0,11,0,0.06943296507508848
ECB,2024-12-12,-0.10606060606060606,0.062471297357843354,0.044823648972255076,0.5247817246180189,0.09090909090909091,11,0,0.06247129735784335
ECB,2025-01-30,-0.20833333333333334,0.16801031463012459,0.052038191908073475,0.6419457462915618,0.0,8,0,0.05892556509887896
ECB,2025-03-06,-0.16666666666666666,0.09316949906249125,0.05884896924760681,0.7219991285335805,0.0,8,0,0.05892556509887896
ECB,2025-04-17,-0.1875,0.10551031463012459,0.0390920725804262,0.6560515188100777,0.0,8,0,0.0625
ECB,2025-06-05,-0.1,0.12167605132909616,0.07403330134099331,0.6451901959884841,0.0,10,0,0.05773502691896258
ECB,2025-07-24,0.0,0.0,0.0436691265879469,0.7097398292514137,0.0,8,0,0.0
ECB,2025-09-11,-0.037037037037037035,0.05237828008789241,0.05608625122718928,0.7466766382146977,0.0,9,0,0.05237828008789241
ECB,2025-10-30,0.0,0.0,0.053892661518679046,0.4881746488436837,0.0,11,0,0.0
ECB,2025-12-18,0.07407407407407407,0.05237828008789241,0.0830490991448672,0.44062153226584755,0.0,9,0,0.05237828008789241
Fed,2015-03-18,-0.023809523809523815,0.07568754807337746,0.09394708526052824,0.5698793025510402,0.0,21,0,0.023809523809523808
Fed,2015-06-17,0.11764705882352941,0.16240690877091624,0.07898434636908294,0.5805916334547294,0.058823529411764705,17,0,0.10739657990297374
Fed,2015-09-17,-0.10185185185185185,0.34715195961472856,0.08039387627237983,0.6432448390955421,0.2777777777777778,18,0,0.1130236631086454
Fed,2015-12-16,-0.013888888888888886,0.20475183982078574,0.07108451018270284,0.6652779159175732,0.125,24,0,0.09521742500557005
Fed,2016-03-16,0.058823529411764705,0.0790636774729998,0.10704308326814056,0.5616396255731646,0.0,17,0,0.03396178054056622
Fed,2016-06-15,0.07843137254901962,0.2019718250930543,0.09601038690278796,0.7260370820457925,0.0,17,1,0.0277296776935901
Fed,2016-09-21,0.09523809523809523,0.21173624349981357,0.0815875572972438,0.5096829627060573,0.0,21,0,0.038880789567986955
Fed,2016-12-14,0.007575757575757575,0.062394454374998416,0.06483160805701849,0.48877588038923603,0.0,22,0,0.031235648678921674
Fed,2017-03-15,0.05555555555555556,0.14807608668155314,0.08883096662100982,0.5938877338399986,0.047619047619047616,21,0,0.04273940323122622
Fed,2017-06-14,0.007936507936507934,0.16820226433919,0.10712757016601329,0.5007207089145721,0.0,21,0,0.05081844632883213
Fed,2017-09-20,0.03125,0.11168072241394125,0.12034134321462867,0.49243792726393554,0.0,16,0,0.047735163489123336
Fed,2017-12-13,-0.023809523809523808,0.0960058940743569,0.08171565958994742,0.485104344956438,0.0,28,0,0.0394836284566119
Fed,2018-03-21,0.006944444444444444,0.04658474953124562,0.061195991937589816,0.5473953061068828,0.0,24,0,0.01552824984374854
Fed,2018-06-13,-0.02083333333333333,0.129566575846359,0.0750053629816409,0.6031204204947521,0.041666666666666664,24,0,0.03989279615651409
Fed,2018-09-26,0.09615384615384616,0.15472921292780192,0.10673655953261235,0.6102549645005367,0.0,26,0,0.07929049280033963
Fed,2018-12-19,-0.14166666666666666,0.11673972510204282,0.075528552405171,0.6479916808599422,0.0,20,1,0.07861650943380503
Fed,2019-01-30,-0.13333333333333333,0.12324278808026322,0.08837752556440495,0.5339090650379918,0.03333333333333333,30,1,0.0693888666488711
Fed,2019-03-20,-0.1130952380952381,0.06381755566510929,0.07681394976215696,0.504273269073537,0.0,28,0,0.04798962945415803
Fed,2019-05-01,-0.14666666666666667,0.1099210920507294,0.07849608315668685,0.5264925618584706,0.04,25,0,0.0679869268479038
Fed,2019-06-19,-0.271604938271605,0.1325981664644736,0.08511745662323349,0.5310816038156767,0.037037037037037035,27,0,0.06983770678385653
Fed,2019-07-31,-0.3869047619047619,0.18531598121323634,0.06568393808265924,0.5743650973972265,0.07142857142857142,28,0,0.06327467745675386
Fed,2019-09-18,-0.3055555555555555,0.1789014017721282,0.06801471668549244,0.577476461823987,0.0,30,0,0.10437941237808854
Fed,2019-10-30,-0.15656565656565655,0.1028683869462757,0.08420481509596477,0.564266134377108,0.030303030303030304,33,1,0.05075694758141864
Fed,2019-12-11,-0.21264367816091956,0.1986878672871763,0.0821876162088047,0.5974157487884972,0.0,29,0,0.07816937073985887
Fed,2020-01-29,-0.04666666666666667,0.07738122278710484,0.07811679476467823,0.5899713289745508,0.04,25,0,0.04268749491621899
Fed,2020-03-03,-0.3333333333333333,0.074535599249993,0.053752104467583786,0.5894324469563849,0.0,10,0,0.04714045207910319
Fed,2020-03-15,-0.35,0.22167605132909615,0.08200034863056185,0.5496320802721362,0.0,20,0,0.16072751268321592
Fed,2020-04-29,-0.53125,0.15826547194518686,0.08197158221621008,0.6851354384364371,0.0,16,0,0.11267347735824966
Fed,2020-06-10,-0.5444444444444444,0.26691013812760145,0.08615192709906713,0.6799202835913752,0.0,15,0,0.17391639824998362
Fed,2020-07-29,-0.3409090909090909,0.1423170034392753,0.08965932950879318,0.601692814131035,0.0,22,0,0.05719571541871782
Fed,2020-09-16,-0.41333333333333333,0.19977456227655527,0.08574719828029907,0.5951575206178495,0.0,25,0,0.12364824660660938
Fed,2020-11-05,-0.3508771929824562,0.19882123913804842,0.09388122207784524,0.6145890045788334,0.0,19,1,0.13128622409733126
Fed,2020-12-16,-0.30434782608695654,0.11992591649626486,0.08181278844931597,0.4574500903842786,0.0,23,0,0.0832545311092468
Fed,2021-01-27,-0.3508771929824562,0.16730931679378175,0.06719902549288237,0.6798210005900396,0.0,19,1,0.08945648269461026
Fed,2021-03-17,-0.2,0.10829889993163286,0.08788490263518021,0.6750893058626752,0.0,25,1,0.061101009266077866
Fed,2021-04-28,-0.22,0.2361850889646345,0.08841144561602755,0.5376695728592157,0.12,25,0,0.10519822558706333
Fed,2021-06-16,0.05072463768115942,0.2593812425089093,0.08099868353707967,0.7152659605906817,0.0,23,0,0.09194621406122841
Fed,2021-07-28,-0.1590909090909091,0.2222395525035522,0.09196263435784718,0.6408548755876826,0.0,22,0,0.12517205789286595
Fed,2021-09-22,0.011904761904761906,0.1624882284781141,0.07563533133533205,0.4778492339591733,0.14285714285714285,28,0,0.0789672569132238
Fed,2021-11-03,0.02666666666666667,0.17540959350576413,0.1034589503506346,0.49492565981769693,0.16,25,0,0.07888106377466154
Fed,2021-12-15,0.30357142857142855,0.13844035957728523,0.09300529377547566,0.6243303515134563,0.0,28,0,0.06760605173571754
Fed,2022-01-26,0.4444444444444445,0.16350100126580586,0.1124183376835466,0.6229701774924943,0.047619047619047616,21,0,0.10163689265766426
Fed,2022-03-16,0.6481481481481481,0.04140866624999611,0.07486395054708328,0.5857477682069614,0.0,27,1,0.04140866624999608
Fed,2022-05-04,0.6574074074074074,0.2305711966596047,0.10793717733786024,0.5757947594624974,0.05555555555555555,18,0,0.16794775136312087
Fed,2022-06-15,0.4691358024691358,0.18709463019747474,0.08514337518930325,0.7158334500831692,0.0,27,1,0.08987789986766073
Fed,2022-07-27,0.3154761904761905,0.1596869683613141,0.0835023038808679,0.631690011870944,0.03571428571428571,28,0,0.08605257318333903
Fed,2022-09-21,0.5606060606060607,0.1074268173295375,0.07171860964515146,0.48266726945055555,0.045454545454545456,22,0,0.07725787141807249
Fed,2022-11-02,0.4930555555555555,0.18646069136271057,0.08132949987271745,0.5406649479888391,0.0,24,0,0.11132791348528748
Fed,2022-12-14,0.393939393939394,0.20570599597701864,0.09049608363919885,0.5745758134671832,0.13636363636363635,22,1,0.10050378152592121
Fed,2023-02-01,0.29310344827586204,0.19890743202147515,0.09062458868297817,0.5976390393857361,0.06896551724137931,29,0,0.10674813575291212
Fed,2023-03-22,0.1717171717171717,0.1347412458635177,0.07846950869530267,0.4909364306746128,0.0,33,0,0.037794519058322644
Fed,2023-05-03,0.125,0.1957306673871821,0.09802472928632375,0.56297050975489,0.15625,32,1,0.07216878364870322
Fed,2023-06-14,0.18452380952380953,0.18156540522874248,0.08282466229164691,0.5288591748157183,0.10714285714285714,28,1,0.06327467745675386
Fed,2023-07-26,0.16216216216216217,0.1986374126614102,0.06122275513849394,0.5421000656494863,0.10810810810810811,37,0,0.05175281663547774
Fed,2023-09-20,0.1774193548387097,0.16203095277815643,0.08903539455543698,0.60642158872314,0.06451612903225806,31,0,0.040590507716509405
Fed,2023-11-01,0.19892473118279572,0.16580686328151706,0.07828939784215055,0.5761792890634618,0.03225806451612903,31,0,0.06821815881962108
Fed,2023-12-13,-0.05,0.165363318707038,0.08566066665719883,0.6138309803099943,0.06666666666666667,30,0,0.041943524640393054
Fed,2024-01-31,0.046296296296296294,0.16240764835855842,0.07338181844595536,0.6452544732185932,0.08333333333333333,36,0,0.049862637103097254
Fed,2024-03-20,-0.053921568627450976,0.1633595977676507,0.08692372070650622,0.5504462006672294,0.029411764705882353,34,0,0.04624500554929708
Fed,2024-05-01,0.09047619047619047,0.2873950638471005,0.07714419843284043,0.5739539628005819,0.14285714285714285,35,0,0.07268732153558928
Fed,2024-06-12,-0.005747126436781609,0.24757905608580655,0.07223841735784899,0.587369573721192,0.06896551724137931,29,1,0.04633481464539396
Fed,2024-07-31,-0.171875,0.1819259863392087,0.0758970256602382,0.5690724681926209,0.09375,32,0,0.05915529526875285
Fed,2024-09-18,-0.07352941176470588,0.2036181196177068,0.08681927077545767,0.6256337038137129,0.058823529411764705,34,0,0.09568245733305458
Fed,2024-11-07,-0.016666666666666666,0.10925345145409733,0.07924768105742204,0.5537919469361438,0.0,30,0,0.04194352464039306
Fed,2024-12-18,-0.07526881720430108,0.2529947874687704,0.07440737487957098,0.6506391831592669,0.0967741935483871,31,1,0.07371671613334456
Fed,2025-01-29,-0.004385964912280704,0.12822589633054748,0.08249301683047476,0.5023842787793589,0.05263157894736842,38,0,0.04662344654708179
Fed,2025-03-19,-0.07657657657657657,0.11750634024202751,0.08868591194903443,0.4888595639252277,0.02702702702702703,37,0,0.07550925501910005
Fed,2025-05-07,-0.02702702702702703,0.07317493238623843,0.07046797134437399,0.4505534872651282,0.0,37,0,0.022067475160208815
Fed,2025-06-18,0.0625,0.08766307061519286,0.08452780654837574,0.49848320154210435,0.0625,32,0,0.05103103630798288
Fed,2025-07-30,0.015151515151515148,0.1031795620416047,0.07582239764882738,0.5388410417464902,0.030303030303030304,33,0,0.03813047694581187
Fed,2025-09-17,-0.2238095238095238,0.08945640216183019,0.08626004849880732,0.6313694357757936,0.0,35,1,0.05573666624152202
Fed,2025-10-29,-0.08854166666666667,0.11464650509996652,0.08984506313497988,0.5306332556147791,0.03125,32,0,0.05823093691405703
Fed,2025-12-10,-0.109375,0.13586670590484431,0.06485302758899024,0.5272754973334762,0.0,32,0,0.06929236820651079
